,State,Condition,COVID-19 Deaths
0,Alabama,Adult respiratory distress syndrome,59.00704542784727
1,Alabama,All other conditions and causes (residual),124.94466847064685
2,Alabama,Alzheimer disease,33.06559327255565
3,Alabama,COVID-19,283.71194239300104
4,Alabama,Cardiac arrest,83.3549228684199
5,Alabama,Cardiac arrhythmia,58.781036148928926
6,Alabama,Cerebrovascular diseases,57.71822462752913
7,Alabama,Chronic lower respiratory diseases,57.17126270994695
8,Alabama,Diabetes,68.43245118854716
9,Alabama,Heart failure,57.53762110931069
10,Alabama,Hypertensive diseases,67.95680030899254
11,Alabama,Influenza and pneumonia,117.72396095083774
12,Alabama,"Intentional and unintentional injury, poisoning, and other adverse events",48.768809587910894
13,Alabama,Ischemic heart disease,58.38702687001058
14,Alabama,Malignant neoplasms,55.08563038822903
15,Alabama,Obesity,49.828687028483536
16,Alabama,Other diseases of the circulatory system,70.7165923058112
17,Alabama,Other diseases of the respiratory system,62.000941426256595
18,Alabama,Renal failure,73.80504542784728
19,Alabama,Respiratory arrest,67.49751710772001
20,Alabama,Respiratory failure,134.01183839141035
21,Alabama,Sepsis,74.60386622816542
22,Alabama,Vascular and unspecified dementia,38.97841407287379
23,Alaska,Adult respiratory distress syndrome,28.570885752746538
24,Alaska,All other conditions and causes (residual),57.02705470676562
25,Alaska,Alzheimer disease,15.847329595864254
26,Alaska,COVID-19,64.83740382721099
27,Alaska,Cardiac arrest,33.804074231346746
28,Alaska,Cardiac arrhythmia,26.128999033255553
29,Alaska,Cerebrovascular diseases,24.81381983357369
30,Alaska,Chronic lower respiratory diseases,33.76607423134675
31,Alaska,Diabetes,26.9594707131283
32,Alaska,Heart failure,29.462064952428406
33,Alaska,Hypertensive diseases,31.271479992046643
34,Alaska,Influenza and pneumonia,50.047036148928925
35,Alaska,"Intentional and unintentional injury, poisoning, and other adverse events",22.862168954019076
36,Alaska,Ischemic heart disease,27.794414072873792
37,Alaska,Malignant neoplasms,31.852659191728506
38,Alaska,Obesity,25.65252735338281
39,Alaska,Other diseases of the circulatory system,30.4610083121739
40,Alaska,Other diseases of the respiratory system,30.299008312173896
41,Alaska,Renal failure,32.82689503166488
42,Alaska,Respiratory arrest,10.604376957200419
43,Alaska,Respiratory failure,46.6532719888653
44,Alaska,Sepsis,28.487357432619284
45,Alaska,Vascular and unspecified dementia,19.522631354973477
46,Arizona,Adult respiratory distress syndrome,91.0757343898197
47,Arizona,All other conditions and causes (residual),172.7366591917285
48,Arizona,Alzheimer disease,36.19359327255565
49,Arizona,COVID-19,385.31793311408273
50,Arizona,Cardiac arrest,87.57915870835627
51,Arizona,Cardiac arrhythmia,64.10232862911981
52,Arizona,Cerebrovascular diseases,55.568451188547165
53,Arizona,Chronic lower respiratory diseases,65.97467774956519
54,Arizona,Diabetes,88.49562110931069
55,Arizona,Heart failure,61.631507828801674
56,Arizona,Hypertensive diseases,88.44761183039235
57,Arizona,Influenza and pneumonia,226.77524415211028
58,Arizona,"Intentional and unintentional injury, poisoning, and other adverse events",62.81129982562033
59,Arizona,Ischemic heart disease,67.45361183039235
60,Arizona,Malignant neoplasms,59.93092286841991
61,Arizona,Obesity,64.75833790803814
62,Arizona,Other diseases of the circulatory system,73.66893214733825
63,Arizona,Other diseases of the respiratory system,72.87788478600208
64,Arizona,Renal failure,76.11421534861078
65,Arizona,Respiratory arrest,49.00750782880167
66,Arizona,Respiratory failure,191.18817823293742
67,Arizona,Sepsis,69.70669630740188
68,Arizona,Vascular and unspecified dementia,42.180178232937415
69,Arkansas,Adult respiratory distress syndrome,55.63444190962882
70,Arkansas,All other conditions and causes (residual),95.5626777495652
71,Arkansas,Alzheimer disease,32.26088575274654
72,Arkansas,COVID-19,178.9713574326193
73,Arkansas,Cardiac arrest,63.98104542784727
74,Arkansas,Cardiac arrhythmia,51.8912719888653
75,Arkansas,Cerebrovascular diseases,49.42821534861079
76,Arkansas,Chronic lower respiratory diseases,52.996913589501574
77,Arkansas,Diabetes,60.7652719888653
78,Arkansas,Heart failure,53.39656446905618
79,Arkansas,Hypertensive diseases,63.444555190137834
80,Arkansas,Influenza and pneumonia,105.0497343898197
81,Arkansas,"Intentional and unintentional injury, poisoning, and other adverse events",45.10197950867442
82,Arkansas,Ischemic heart disease,57.53432862911981
83,Arkansas,Malignant neoplasms,50.774922868419914
84,Arkansas,Obesity,43.834441909628815
85,Arkansas,Other diseases of the circulatory system,53.43680958791089
86,Arkansas,Other diseases of the respiratory system,52.27869630740188
87,Arkansas,Renal failure,56.58503614892893
88,Arkansas,Respiratory arrest,40.85702687001058
89,Arkansas,Respiratory failure,104.49196095083774
90,Arkansas,Sepsis,57.94515870835628
91,Arkansas,Vascular and unspecified dementia,38.47335743261928
92,California,Adult respiratory distress syndrome,152.5650268700106
93,California,All other conditions and causes (residual),502.609687995228
94,California,Alzheimer disease,69.82110303484622
95,California,COVID-19,1322.0707353565642
96,California,Cardiac arrest,384.7561689540191
97,California,Cardiac arrhythmia,138.45524415211028
98,California,Cerebrovascular diseases,104.931602551474
99,California,Chronic lower respiratory diseases,126.73771583198302
100,California,Diabetes,290.9215839936373
101,California,Heart failure,133.92653663230115
102,California,Hypertensive diseases,292.12640479395543
103,California,Influenza and pneumonia,723.4760463945917
104,California,"Intentional and unintentional injury, poisoning, and other adverse events",87.42623390644748
105,California,Ischemic heart disease,165.6270083121739
106,California,Malignant neoplasms,105.69936671153764
107,California,Obesity,111.70974366873804
108,California,Other diseases of the circulatory system,129.11313087160127
109,California,Other diseases of the respiratory system,98.94525343102862
110,California,Renal failure,206.63088575274654
111,California,Respiratory arrest,76.74244190962882
112,California,Respiratory failure,649.4559238351644
113,California,Sepsis,213.5374707131283
114,California,Vascular and unspecified dementia,92.49168799522799
115,Colorado,Adult respiratory distress syndrome,71.16185694924705
116,Colorado,All other conditions and causes (residual),137.17666847064683
117,Colorado,Alzheimer disease,33.25923487319193
118,Colorado,COVID-19,213.24900831217388
119,Colorado,Cardiac arrest,57.95881886682924
120,Colorado,Cardiac arrhythmia,59.553970229756075
121,Colorado,Cerebrovascular diseases,54.589743668738045
122,Colorado,Chronic lower respiratory diseases,61.48502687001058
123,Colorado,Diabetes,70.41150782880166
124,Colorado,Heart failure,53.92808351026509
125,Colorado,Hypertensive diseases,70.20043263071048
126,Colorado,Influenza and pneumonia,116.70607423134675
127,Colorado,"Intentional and unintentional injury, poisoning, and other adverse events",63.24377150549307
128,Colorado,Ischemic heart disease,58.099262709946956
129,Colorado,Malignant neoplasms,56.454215348610795
130,Colorado,Obesity,59.67093214733825
131,Colorado,Other diseases of the circulatory system,68.14115870835629
132,Colorado,Other diseases of the respiratory system,59.5208095879109
133,Colorado,Renal failure,68.72363038822904
134,Colorado,Respiratory arrest,33.612074231346746
135,Colorado,Respiratory failure,102.47678175115587
136,Colorado,Sepsis,63.32222462752913
137,Colorado,Vascular and unspecified dementia,43.15498975433721
138,Connecticut,Adult respiratory distress syndrome,40.48078175115587
139,Connecticut,All other conditions and causes (residual),94.82962110931068
140,Connecticut,Alzheimer disease,27.05734815370094
141,Connecticut,COVID-19,183.56701759109225
142,Connecticut,Cardiac arrest,57.65609278918344
143,Connecticut,Cardiac arrhythmia,42.86701759109224
144,Connecticut,Cerebrovascular diseases,43.4117343898197
145,Connecticut,Chronic lower respiratory diseases,54.589036148928926
146,Connecticut,Diabetes,58.68657374797452
147,Connecticut,Heart failure,47.68243263071048
148,Connecticut,Hypertensive diseases,58.10632862911981
149,Connecticut,Influenza and pneumonia,78.27301759109224
150,Connecticut,"Intentional and unintentional injury, poisoning, and other adverse events",41.64820606969244
151,Connecticut,Ischemic heart disease,49.88984767032871
152,Connecticut,Malignant neoplasms,52.46315870835628
153,Connecticut,Obesity,37.60972511090136
154,Connecticut,Other diseases of the circulatory system,55.05163038822903
155,Connecticut,Other diseases of the respiratory system,60.51563038822903
156,Connecticut,Renal failure,53.53832862911981
157,Connecticut,Respiratory arrest,32.468772472237525
158,Connecticut,Respiratory failure,88.10502687001058
159,Connecticut,Sepsis,52.932092789183436
160,Connecticut,Vascular and unspecified dementia,43.9114707131283
161,Delaware,Adult respiratory distress syndrome,33.13065919172851
162,Delaware,All other conditions and causes (residual),62.72680958791089
163,Delaware,Alzheimer disease,27.7074707131283
164,Delaware,COVID-19,78.12926270994696
165,Delaware,Cardiac arrest,31.72818751185576
166,Delaware,Cardiac arrhythmia,37.48372511090136
167,Delaware,Cerebrovascular diseases,39.71502687001058
168,Delaware,Chronic lower respiratory diseases,46.08021534861079
169,Delaware,Diabetes,46.7892719888653
170,Delaware,Heart failure,39.646083510265086
171,Delaware,Hypertensive diseases,49.688092789183436
172,Delaware,Influenza and pneumonia,60.327743668738044
173,Delaware,"Intentional and unintentional injury, poisoning, and other adverse events",26.4994707131283
174,Delaware,Ischemic heart disease,41.37349854988333
175,Delaware,Malignant neoplasms,43.88280030899256
176,Delaware,Obesity,41.81714942943795
177,Delaware,Other diseases of the circulatory system,46.39092286841991
178,Delaware,Other diseases of the respiratory system,45.30445118854716
179,Delaware,Renal failure,47.02597950867442
180,Delaware,Respiratory arrest,13.739442876373268
181,Delaware,Respiratory failure,52.10045118854717
182,Delaware,Sepsis,46.69268702848354
183,Delaware,Vascular and unspecified dementia,34.30277247223752
184,District of Columbia,Adult respiratory distress syndrome,42.89818751185576
185,District of Columbia,All other conditions and causes (residual),61.31988478600209
186,District of Columbia,Alzheimer disease,11.423084477009537
187,District of Columbia,COVID-19,74.12587550708375
188,District of Columbia,Cardiac arrest,14.740386236118763
189,District of Columbia,Cardiac arrhythmia,28.987593272555657
190,District of Columbia,Cerebrovascular diseases,29.067829112492028
191,District of Columbia,Chronic lower respiratory diseases,37.70266847064685
192,District of Columbia,Diabetes,45.87879103007421
193,District of Columbia,Heart failure,36.46466847064685
194,District of Columbia,Hypertensive diseases,50.09431935020146
195,District of Columbia,Influenza and pneumonia,64.7484604674655
196,District of Columbia,"Intentional and unintentional injury, poisoning, and other adverse events",29.428300792364777
197,District of Columbia,Ischemic heart disease,35.59054591121949
198,District of Columbia,Malignant neoplasms,36.53172511090136
199,District of Columbia,Obesity,32.824659191728514
200,District of Columbia,Other diseases of the circulatory system,36.608668470646855
201,District of Columbia,Other diseases of the respiratory system,28.11712159268291
202,District of Columbia,Renal failure,40.0557343898197
203,District of Columbia,Respiratory arrest,8.42825439777306
204,District of Columbia,Respiratory failure,36.77996095083773
205,District of Columbia,Sepsis,30.168772472237524
206,District of Columbia,Vascular and unspecified dementia,22.77075391440084
207,Florida,Adult respiratory distress syndrome,114.93255519013783
208,Florida,All other conditions and causes (residual),402.07358399363727
209,Florida,Alzheimer disease,41.95016895401908
210,Florida,COVID-19,1001.4393388747827
211,Florida,Cardiac arrest,131.0603100712831
212,Florida,Cardiac arrhythmia,100.38394239300105
213,Florida,Cerebrovascular diseases,89.63383839141038
214,Florida,Chronic lower respiratory diseases,132.48699903325556
215,Florida,Diabetes,168.2312348731919
216,Florida,Heart failure,97.5846591917285
217,Florida,Hypertensive diseases,239.36123487319193
218,Florida,Influenza and pneumonia,579.4746406338918
219,Florida,"Intentional and unintentional injury, poisoning, and other adverse events",71.15151710772003
220,Florida,Ischemic heart disease,170.03640479395546
221,Florida,Malignant neoplasms,91.15382911249203
222,Florida,Obesity,90.99304542784728
223,Florida,Other diseases of the circulatory system,105.74278175115587
224,Florida,Other diseases of the respiratory system,86.14265919172851
225,Florida,Renal failure,123.57453663230116
226,Florida,Respiratory arrest,56.155507828801674
227,Florida,Respiratory failure,375.7597065530647
228,Florida,Sepsis,138.69747999204662
229,Florida,Vascular and unspecified dementia,101.06156543580063
230,Georgia,Adult respiratory distress syndrome,70.45338526937431
231,Georgia,All other conditions and causes (residual),198.1014707131283
232,Georgia,Alzheimer disease,37.45970655306467
233,Georgia,COVID-19,457.7202822345281
234,Georgia,Cardiac arrest,100.22620606969245
235,Georgia,Cardiac arrhythmia,60.880677749565194
236,Georgia,Cerebrovascular diseases,63.54963038822903
237,Georgia,Chronic lower respiratory diseases,70.4563286291198
238,Georgia,Diabetes,87.21597022975607
239,Georgia,Heart failure,66.93102687001058
240,Georgia,Hypertensive diseases,97.84947999204665
241,Georgia,Influenza and pneumonia,239.84159327255566
242,Georgia,"Intentional and unintentional injury, poisoning, and other adverse events",63.96742238504768
243,Georgia,Ischemic heart disease,65.57302687001058
244,Georgia,Malignant neoplasms,65.62704542784728
245,Georgia,Obesity,66.50787550708375
246,Georgia,Other diseases of the circulatory system,74.39257374797452
247,Georgia,Other diseases of the respiratory system,65.81057374797453
248,Georgia,Renal failure,83.60691358950156
249,Georgia,Respiratory arrest,53.57492286841991
250,Georgia,Respiratory failure,221.76476319331917
251,Georgia,Sepsis,95.33761183039235
252,Georgia,Vascular and unspecified dementia,48.762999033255554
253,Hawaii,Adult respiratory distress syndrome,34.12807423134675
254,Hawaii,All other conditions and causes (residual),57.19363966714738
255,Hawaii,Alzheimer disease,13.675207036436895
256,Hawaii,COVID-19,66.64986622816541
257,Hawaii,Cardiac arrest,42.07338526937432
258,Hawaii,Cardiac arrhythmia,33.11536671153763
259,Hawaii,Cerebrovascular diseases,31.63218751185576
260,Hawaii,Chronic lower respiratory diseases,34.70501759109224
261,Hawaii,Diabetes,43.77056446905618
262,Hawaii,Heart failure,37.0491401505196
263,Hawaii,Hypertensive diseases,43.14209278918344
264,Hawaii,Influenza and pneumonia,52.49974366873805
265,Hawaii,"Intentional and unintentional injury, poisoning, and other adverse events",31.498423351792134
266,Hawaii,Ischemic heart disease,40.2177343898197
267,Hawaii,Malignant neoplasms,33.56607423134675
268,Hawaii,Obesity,23.870876473828194
269,Hawaii,Other diseases of the circulatory system,36.504432630710475
270,Hawaii,Other diseases of the respiratory system,37.34937599045597
271,Hawaii,Renal failure,42.26514942943795
272,Hawaii,Respiratory arrest,13.731442876373269
273,Hawaii,Respiratory failure,48.157271988865304
274,Hawaii,Sepsis,38.74055519013783
275,Hawaii,Vascular and unspecified dementia,23.778168954019076
276,Idaho,Adult respiratory distress syndrome,41.01525343102861
277,Idaho,All other conditions and causes (residual),71.59679103007421
278,Idaho,Alzheimer disease,26.11158399363731
279,Idaho,COVID-19,98.81783839141038
280,Idaho,Cardiac arrest,42.176913589501574
281,Idaho,Cardiac arrhythmia,39.03501759109224
282,Idaho,Cerebrovascular diseases,41.429262709946954
283,Idaho,Chronic lower respiratory diseases,45.1897343898197
284,Idaho,Diabetes,50.592564469056185
285,Idaho,Heart failure,43.212555190137834
286,Idaho,Hypertensive diseases,46.43266847064685
287,Idaho,Influenza and pneumonia,66.58984767032872
288,Idaho,"Intentional and unintentional injury, poisoning, and other adverse events",32.764659191728505
289,Idaho,Ischemic heart disease,44.41949854988333
290,Idaho,Malignant neoplasms,42.33397022975607
291,Idaho,Obesity,38.390196790774105
292,Idaho,Other diseases of the circulatory system,48.075507828801676
293,Idaho,Other diseases of the respiratory system,45.04232862911981
294,Idaho,Renal failure,45.10091358950157
295,Idaho,Respiratory arrest,31.107715831983015
296,Idaho,Respiratory failure,66.64066847064686
297,Idaho,Sepsis,43.565149429437945
298,Idaho,Vascular and unspecified dementia,32.49912159268291
299,Illinois,Adult respiratory distress syndrome,60.307394548292656
300,Illinois,All other conditions and causes (residual),188.96747999204663
301,Illinois,Alzheimer disease,37.35899903325555
302,Illinois,COVID-19,487.63534815370093
303,Illinois,Cardiac arrest,65.44104542784727
304,Illinois,Cardiac arrhythmia,66.49559327255567
305,Illinois,Cerebrovascular diseases,56.83349854988332
306,Illinois,Chronic lower respiratory diseases,92.95737599045597
307,Illinois,Diabetes,130.90383839141037
308,Illinois,Heart failure,81.46336671153763
309,Illinois,Hypertensive diseases,185.17582911249204
310,Illinois,Influenza and pneumonia,240.2144140728738
311,Illinois,"Intentional and unintentional injury, poisoning, and other adverse events",60.18176222657473
312,Illinois,Ischemic heart disease,87.40771583198303
313,Illinois,Malignant neoplasms,69.3317343898197
314,Illinois,Obesity,70.97057374797453
315,Illinois,Other diseases of the circulatory system,75.717403827211
316,Illinois,Other diseases of the respiratory system,62.849403827211006
317,Illinois,Renal failure,68.35597022975607
318,Illinois,Respiratory arrest,46.403743668738045
319,Illinois,Respiratory failure,175.76653663230115
320,Illinois,Sepsis,69.66256446905618
321,Illinois,Vascular and unspecified dementia,59.768989754337206
322,Indiana,Adult respiratory distress syndrome,63.96232862911981
323,Indiana,All other conditions and causes (residual),186.41171583198303
324,Indiana,Alzheimer disease,40.681008312173894
325,Indiana,COVID-19,347.46899903325556
326,Indiana,Cardiac arrest,62.59857374797452
327,Indiana,Cardiac arrhythmia,65.41866847064685
328,Indiana,Cerebrovascular diseases,55.51326270994695
329,Indiana,Chronic lower respiratory diseases,70.69665919172851
330,Indiana,Diabetes,81.94161183039235
331,Indiana,Heart failure,64.19772511090136
332,Indiana,Hypertensive diseases,84.7219516719194
333,Indiana,Influenza and pneumonia,180.70994239300106
334,Indiana,"Intentional and unintentional injury, poisoning, and other adverse events",61.29764894606572
335,Indiana,Ischemic heart disease,70.85031007128312
336,Indiana,Malignant neoplasms,62.59821534861079
337,Indiana,Obesity,57.79857374797452
338,Indiana,Other diseases of the circulatory system,70.93315870835629
339,Indiana,Other diseases of the respiratory system,64.50739454829265
340,Indiana,Renal failure,81.03585694924706
341,Indiana,Respiratory arrest,39.25266847064685
342,Indiana,Respiratory failure,156.4113574326193
343,Indiana,Sepsis,71.87397950867441
344,Indiana,Vascular and unspecified dementia,56.751348153700945
345,Iowa,Adult respiratory distress syndrome,49.460092789183435
346,Iowa,All other conditions and causes (residual),96.44490431058323
347,Iowa,Alzheimer disease,30.620055673510063
348,Iowa,COVID-19,160.75877247223752
349,Iowa,Cardiac arrest,56.56093214733825
350,Iowa,Cardiac arrhythmia,48.18584767032872
351,Iowa,Cerebrovascular diseases,46.329856949247066
352,Iowa,Chronic lower respiratory diseases,54.93162110931069
353,Iowa,Diabetes,59.7072719888653
354,Iowa,Heart failure,51.00479103007421
355,Iowa,Hypertensive diseases,57.73079103007421
356,Iowa,Influenza and pneumonia,78.37466847064685
357,Iowa,"Intentional and unintentional injury, poisoning, and other adverse events",42.93962110931069
358,Iowa,Ischemic heart disease,54.700677749565195
359,Iowa,Malignant neoplasms,48.97032862911981
360,Iowa,Obesity,51.48104542784727
361,Iowa,Other diseases of the circulatory system,56.43751710772001
362,Iowa,Other diseases of the respiratory system,50.175866228165404
363,Iowa,Renal failure,54.33856446905618
364,Iowa,Respiratory arrest,40.27961183039234
365,Iowa,Respiratory failure,80.919602551474
366,Iowa,Sepsis,52.437866228165404
367,Iowa,Vascular and unspecified dementia,40.38217823293742
368,Kansas,Adult respiratory distress syndrome,47.45291358950157
369,Kansas,All other conditions and causes (residual),91.06444190962881
370,Kansas,Alzheimer disease,31.095593272555657
371,Kansas,COVID-19,152.77336671153762
372,Kansas,Cardiac arrest,55.659866228165406
373,Kansas,Cardiac arrhythmia,45.86302687001058
374,Kansas,Cerebrovascular diseases,46.5972719888653
375,Kansas,Chronic lower respiratory diseases,54.23445118854717
376,Kansas,Diabetes,57.62410206810178
377,Kansas,Heart failure,47.31726270994695
378,Kansas,Hypertensive diseases,54.18738526937432
379,Kansas,Influenza and pneumonia,86.18879103007421
380,Kansas,"Intentional and unintentional injury, poisoning, and other adverse events",39.698791030074204
381,Kansas,Ischemic heart disease,52.27432862911981
382,Kansas,Malignant neoplasms,48.57197950867442
383,Kansas,Obesity,45.323856949247066
384,Kansas,Other diseases of the circulatory system,54.64398878759276
385,Kansas,Other diseases of the respiratory system,52.192224627529136
386,Kansas,Renal failure,53.645271988865304
387,Kansas,Respiratory arrest,33.74913087160126
388,Kansas,Respiratory failure,92.79820606969244
389,Kansas,Sepsis,52.82421534861079
390,Kansas,Vascular and unspecified dementia,36.7994707131283
391,Kentucky,Adult respiratory distress syndrome,60.57914942943795
392,Kentucky,All other conditions and causes (residual),158.95582911249204
393,Kentucky,Alzheimer disease,34.45559327255565
394,Kentucky,COVID-19,266.6875839936373
395,Kentucky,Cardiac arrest,58.99103614892893
396,Kentucky,Cardiac arrhythmia,57.72783839141037
397,Kentucky,Cerebrovascular diseases,55.91456446905618
398,Kentucky,Chronic lower respiratory diseases,67.84972511090136
399,Kentucky,Diabetes,77.59666847064685
400,Kentucky,Heart failure,61.93148927096499
401,Kentucky,Hypertensive diseases,72.82183839141038
402,Kentucky,Influenza and pneumonia,137.5133574326193
403,Kentucky,"Intentional and unintentional injury, poisoning, and other adverse events",52.651045427847265
404,Kentucky,Ischemic heart disease,63.143489270964984
405,Kentucky,Malignant neoplasms,58.0277343898197
406,Kentucky,Obesity,53.514573747974524
407,Kentucky,Other diseases of the circulatory system,61.22114942943794
408,Kentucky,Other diseases of the respiratory system,63.622932147338254
409,Kentucky,Renal failure,73.99761183039234
410,Kentucky,Respiratory arrest,34.57607423134675
411,Kentucky,Respiratory failure,137.39653663230115
412,Kentucky,Sepsis,79.21562110931069
413,Kentucky,Vascular and unspecified dementia,47.15075391440083
414,Louisiana,Adult respiratory distress syndrome,76.81608351026509
415,Louisiana,All other conditions and causes (residual),110.38831935020146
416,Louisiana,Alzheimer disease,33.08182911249203
417,Louisiana,COVID-19,240.78653663230114
418,Louisiana,Cardiac arrest,60.76728126778364
419,Louisiana,Cardiac arrhythmia,52.221385269374316
420,Louisiana,Cerebrovascular diseases,54.38892286841991
421,Louisiana,Chronic lower respiratory diseases,60.82492286841991
422,Louisiana,Diabetes,71.8012719888653
423,Louisiana,Heart failure,57.04609278918343
424,Louisiana,Hypertensive diseases,83.6881967907741
425,Louisiana,Influenza and pneumonia,134.7320835102651
426,Louisiana,"Intentional and unintentional injury, poisoning, and other adverse events",53.68176222657473
427,Louisiana,Ischemic heart disease,59.85620606969245
428,Louisiana,Malignant neoplasms,53.71915870835628
429,Louisiana,Obesity,52.006215348610795
430,Louisiana,Other diseases of the circulatory system,63.98259230581121
431,Louisiana,Other diseases of the respiratory system,61.4383471869565
432,Louisiana,Renal failure,59.159866228165406
433,Louisiana,Respiratory arrest,41.430206069692446
434,Louisiana,Respiratory failure,113.72902687001059
435,Louisiana,Sepsis,62.237394548292656
436,Louisiana,Vascular and unspecified dementia,39.53147999204664
437,Maine,Adult respiratory distress syndrome,31.993715831983017
438,Maine,All other conditions and causes (residual),57.08915870835629
439,Maine,Alzheimer disease,21.954518074464463
440,Maine,COVID-19,73.5411401505196
441,Maine,Cardiac arrest,17.316744635482493
442,Maine,Cardiac arrhythmia,36.72525343102861
443,Maine,Cerebrovascular diseases,31.773951671919388
444,Maine,Chronic lower respiratory diseases,40.48855519013784
445,Maine,Diabetes,42.02867774956519
446,Maine,Heart failure,41.71067774956519
447,Maine,Hypertensive diseases,42.36244190962882
448,Maine,Influenza and pneumonia,52.575158708356284
449,Maine,"Intentional and unintentional injury, poisoning, and other adverse events",24.74981983357369
450,Maine,Ischemic heart disease,39.894319350201464
451,Maine,Malignant neoplasms,36.13548927096499
452,Maine,Obesity,24.67781983357369
453,Maine,Other diseases of the circulatory system,42.704092789183434
454,Maine,Other diseases of the respiratory system,33.189602551474
455,Maine,Renal failure,36.277489270964985
456,Maine,Respiratory arrest,14.796386236118762
457,Maine,Respiratory failure,44.05385694924706
458,Maine,Sepsis,22.40169727414633
459,Maine,Vascular and unspecified dementia,33.21135743261928
460,Maryland,Adult respiratory distress syndrome,56.87632862911981
461,Maryland,All other conditions and causes (residual),139.79701759109224
462,Maryland,Alzheimer disease,31.677593272555654
463,Maryland,COVID-19,245.92053663230115
464,Maryland,Cardiac arrest,58.22658302689287
465,Maryland,Cardiac arrhythmia,62.287498549883324
466,Maryland,Cerebrovascular diseases,55.512206069692446
467,Maryland,Chronic lower respiratory diseases,61.18126270994696
468,Maryland,Diabetes,76.87597022975608
469,Maryland,Heart failure,58.21020606969245
470,Maryland,Hypertensive diseases,88.23478175115586
471,Maryland,Influenza and pneumonia,110.95607423134675
472,Maryland,"Intentional and unintentional injury, poisoning, and other adverse events",55.37587550708375
473,Maryland,Ischemic heart disease,61.92101759109224
474,Maryland,Malignant neoplasms,59.096800308992556
475,Maryland,Obesity,57.92893214733825
476,Maryland,Other diseases of the circulatory system,67.48974366873804
477,Maryland,Other diseases of the respiratory system,60.26587550708375
478,Maryland,Renal failure,71.0197343898197
479,Maryland,Respiratory arrest,30.91524415211027
480,Maryland,Respiratory failure,90.53148927096498
481,Maryland,Sepsis,63.94103614892893
482,Maryland,Vascular and unspecified dementia,52.43440479395545
483,Massachusetts,Adult respiratory distress syndrome,60.18656446905618
484,Massachusetts,All other conditions and causes (residual),141.71689503166488
485,Massachusetts,Alzheimer disease,34.583829112492026
486,Massachusetts,COVID-19,282.6980649524284
487,Massachusetts,Cardiac arrest,77.55114942943794
488,Massachusetts,Cardiac arrhythmia,58.26691358950157
489,Massachusetts,Cerebrovascular diseases,49.56714942943795
490,Massachusetts,Chronic lower respiratory diseases,61.07738526937432
491,Massachusetts,Diabetes,63.36645118854717
492,Massachusetts,Heart failure,55.74665919172851
493,Massachusetts,Hypertensive diseases,62.087970229756074
494,Massachusetts,Influenza and pneumonia,127.26736671153763
495,Massachusetts,"Intentional and unintentional injury, poisoning, and other adverse events",52.06128126778364
496,Massachusetts,Ischemic heart disease,57.28608351026509
497,Massachusetts,Malignant neoplasms,56.23538526937432
498,Massachusetts,Obesity,44.37562110931069
499,Massachusetts,Other diseases of the circulatory system,61.58151710772001
500,Massachusetts,Other diseases of the respiratory system,59.442809587910894
501,Massachusetts,Renal failure,66.0767910300742
502,Massachusetts,Respiratory arrest,51.21115870835629
503,Massachusetts,Respiratory failure,129.97960255147402
504,Massachusetts,Sepsis,67.46104542784728
505,Massachusetts,Vascular and unspecified dementia,58.97075391440083
506,Michigan,Adult respiratory distress syndrome,61.26255519013783
507,Michigan,All other conditions and causes (residual),198.23077247223753
508,Michigan,Alzheimer disease,40.04417823293742
509,Michigan,COVID-19,468.8627631933192
510,Michigan,Cardiac arrest,69.90963038822903
511,Michigan,Cardiac arrhythmia,61.816781751155865
512,Michigan,Cerebrovascular diseases,58.68584767032872
513,Michigan,Chronic lower respiratory diseases,74.47583839141038
514,Michigan,Diabetes,82.56290431058322
515,Michigan,Heart failure,68.26254591121949
516,Michigan,Hypertensive diseases,93.39642335179214
517,Michigan,Influenza and pneumonia,233.97559327255564
518,Michigan,"Intentional and unintentional injury, poisoning, and other adverse events",56.69881886682924
519,Michigan,Ischemic heart disease,82.45642335179214
520,Michigan,Malignant neoplasms,63.393611830392345
521,Michigan,Obesity,60.23363038822903
522,Michigan,Other diseases of the circulatory system,72.40514942943794
523,Michigan,Other diseases of the respiratory system,63.82646046746551
524,Michigan,Renal failure,80.57584767032871
525,Michigan,Respiratory arrest,43.34714942943794
526,Michigan,Respiratory failure,175.49830079236477
527,Michigan,Sepsis,79.2937343898197
528,Michigan,Vascular and unspecified dementia,50.41946143420995
529,Minnesota,Adult respiratory distress syndrome,63.089743668738045
530,Minnesota,All other conditions and causes (residual),137.46007423134674
531,Minnesota,Alzheimer disease,36.39911231376457
532,Minnesota,COVID-19,211.61630079236477
533,Minnesota,Cardiac arrest,56.54129054670199
534,Minnesota,Cardiac arrhythmia,55.82254591121949
535,Minnesota,Cerebrovascular diseases,52.909498549883324
536,Minnesota,Chronic lower respiratory diseases,60.19066847064685
537,Minnesota,Diabetes,66.697489270965
538,Minnesota,Heart failure,56.68136671153763
539,Minnesota,Hypertensive diseases,79.01736671153763
540,Minnesota,Influenza and pneumonia,92.1545459112195
541,Minnesota,"Intentional and unintentional injury, poisoning, and other adverse events",57.95881886682924
542,Minnesota,Ischemic heart disease,60.20878175115587
543,Minnesota,Malignant neoplasms,56.737385269374315
544,Minnesota,Obesity,53.986573747974525
545,Minnesota,Other diseases of the circulatory system,67.43339454829267
546,Minnesota,Other diseases of the respiratory system,59.08163966714738
547,Minnesota,Renal failure,62.79350782880167
548,Minnesota,Respiratory arrest,36.098196790774104
549,Minnesota,Respiratory failure,89.14336671153762
550,Minnesota,Sepsis,58.33504542784727
551,Minnesota,Vascular and unspecified dementia,51.52369727414632
552,Mississippi,Adult respiratory distress syndrome,60.29185694924706
553,Mississippi,All other conditions and causes (residual),105.59643263071048
554,Mississippi,Alzheimer disease,36.66665919172851
555,Mississippi,COVID-19,204.7921782329374
556,Mississippi,Cardiac arrest,69.35551710772002
557,Mississippi,Cardiac arrhythmia,50.03902687001058
558,Mississippi,Cerebrovascular diseases,52.22680030899256
559,Mississippi,Chronic lower respiratory diseases,62.697158708356284
560,Mississippi,Diabetes,72.31938526937431
561,Mississippi,Heart failure,61.734215348610796
562,Mississippi,Hypertensive diseases,86.96701759109224
563,Mississippi,Influenza and pneumonia,114.69548927096498
564,Mississippi,"Intentional and unintentional injury, poisoning, and other adverse events",49.587752947656384
565,Mississippi,Ischemic heart disease,60.28138526937432
566,Mississippi,Malignant neoplasms,55.14797950867442
567,Mississippi,Obesity,49.942215348610794
568,Mississippi,Other diseases of the circulatory system,62.75269630740188
569,Mississippi,Other diseases of the respiratory system,58.94670558632023
570,Mississippi,Renal failure,62.15339454829266
571,Mississippi,Respiratory arrest,53.67093214733825
572,Mississippi,Respiratory failure,123.12807423134674
573,Mississippi,Sepsis,62.9568095879109
574,Mississippi,Vascular and unspecified dementia,37.636649912810164
575,Missouri,Adult respiratory distress syndrome,63.86491358950156
576,Missouri,All other conditions and causes (residual),143.195602551474
577,Missouri,Alzheimer disease,33.47781983357369
578,Missouri,COVID-19,306.5064140728738
579,Missouri,Cardiac arrest,62.210809587910894
580,Missouri,Cardiac arrhythmia,59.72832862911981
581,Missouri,Cerebrovascular diseases,57.14563038822903
582,Missouri,Chronic lower respiratory diseases,61.83326270994695
583,Missouri,Diabetes,67.41150782880166
584,Missouri,Heart failure,60.4497343898197
585,Missouri,Hypertensive diseases,63.39066847064685
586,Missouri,Influenza and pneumonia,153.24971583198302
587,Missouri,"Intentional and unintentional injury, poisoning, and other adverse events",55.017290546701986
588,Missouri,Ischemic heart disease,58.41243263071048
589,Missouri,Malignant neoplasms,57.144451188547166
590,Missouri,Obesity,49.77703614892893
591,Missouri,Other diseases of the circulatory system,67.65163966714738
592,Missouri,Other diseases of the respiratory system,58.620573747974525
593,Missouri,Renal failure,67.90690431058323
594,Missouri,Respiratory arrest,44.704092789183434
595,Missouri,Respiratory failure,128.52359327255567
596,Missouri,Sepsis,65.50409278918343
597,Missouri,Vascular and unspecified dementia,44.111942393001044
598,Montana,Adult respiratory distress syndrome,33.11747999204664
599,Montana,All other conditions and causes (residual),63.638206069692444
600,Montana,Alzheimer disease,18.409216315355238
601,Montana,COVID-19,80.83372511090136
602,Montana,Cardiac arrest,39.67502687001058
603,Montana,Cardiac arrhythmia,37.65501759109224
604,Montana,Cerebrovascular diseases,31.326772472237526
605,Montana,Chronic lower respiratory diseases,43.96879103007421
606,Montana,Diabetes,43.2311401505196
607,Montana,Heart failure,37.44948927096499
608,Montana,Hypertensive diseases,44.708319350201464
609,Montana,Influenza and pneumonia,57.802319350201465
610,Montana,"Intentional and unintentional injury, poisoning, and other adverse events",33.267602551474006
611,Montana,Ischemic heart disease,41.16266847064685
612,Montana,Malignant neoplasms,38.316904310583226
613,Montana,Obesity,34.092423351792135
614,Montana,Other diseases of the circulatory system,45.76009278918344
615,Montana,Other diseases of the respiratory system,40.65102687001058
616,Montana,Renal failure,40.45361183039234
617,Montana,Respiratory arrest,26.056999033255554
618,Montana,Respiratory failure,61.40397022975607
619,Montana,Sepsis,35.62207423134675
620,Montana,Vascular and unspecified dementia,27.997583993637313
621,Nebraska,Adult respiratory distress syndrome,40.63208351026509
622,Nebraska,All other conditions and causes (residual),74.59844190962882
623,Nebraska,Alzheimer disease,31.977008312173897
624,Nebraska,COVID-19,101.27183839141037
625,Nebraska,Cardiac arrest,51.10057374797452
626,Nebraska,Cardiac arrhythmia,45.95126270994695
627,Nebraska,Cerebrovascular diseases,41.50549854988333
628,Nebraska,Chronic lower respiratory diseases,48.87632862911981
629,Nebraska,Diabetes,53.68692286841991
630,Nebraska,Heart failure,43.07537599045597
631,Nebraska,Hypertensive diseases,50.20279103007421
632,Nebraska,Influenza and pneumonia,66.91209278918343
633,Nebraska,"Intentional and unintentional injury, poisoning, and other adverse events",38.32384767032872
634,Nebraska,Ischemic heart disease,46.163970229756075
635,Nebraska,Malignant neoplasms,49.009394548292654
636,Nebraska,Obesity,37.80019679077411
637,Nebraska,Other diseases of the circulatory system,48.63303614892893
638,Nebraska,Other diseases of the respiratory system,45.89303614892893
639,Nebraska,Renal failure,50.07997950867442
640,Nebraska,Respiratory arrest,33.71065919172851
641,Nebraska,Respiratory failure,68.80256446905618
642,Nebraska,Sepsis,51.52351710772001
643,Nebraska,Vascular and unspecified dementia,34.81135743261928
644,Nevada,Adult respiratory distress syndrome,97.41619679077411
645,Nevada,All other conditions and causes (residual),102.34055519013783
646,Nevada,Alzheimer disease,26.590999033255553
647,Nevada,COVID-19,177.63689503166486
648,Nevada,Cardiac arrest,74.6052719888653
649,Nevada,Cardiac arrhythmia,49.270800308992555
650,Nevada,Cerebrovascular diseases,47.10550782880168
651,Nevada,Chronic lower respiratory diseases,52.43750782880167
652,Nevada,Diabetes,62.35057374797452
653,Nevada,Heart failure,50.183743668738046
654,Nevada,Hypertensive diseases,62.54103614892893
655,Nevada,Influenza and pneumonia,132.13453663230115
656,Nevada,"Intentional and unintentional injury, poisoning, and other adverse events",43.194092789183436
657,Nevada,Ischemic heart disease,54.17115870835629
658,Nevada,Malignant neoplasms,51.06951710772002
659,Nevada,Obesity,51.48880958791089
660,Nevada,Other diseases of the circulatory system,55.977403827211
661,Nevada,Other diseases of the respiratory system,50.2648095879109
662,Nevada,Renal failure,59.03398878759276
663,Nevada,Respiratory arrest,38.929611830392346
664,Nevada,Respiratory failure,80.04984767032872
665,Nevada,Sepsis,64.02033790803814
666,Nevada,Vascular and unspecified dementia,37.05007423134675
667,New Hampshire,Adult respiratory distress syndrome,32.39995167191939
668,New Hampshire,All other conditions and causes (residual),58.56974366873805
669,New Hampshire,Alzheimer disease,19.354159675100732
670,New Hampshire,COVID-19,71.37843263071048
671,New Hampshire,Cardiac arrest,36.52572511090136
672,New Hampshire,Cardiac arrhythmia,34.18489503166489
673,New Hampshire,Cerebrovascular diseases,29.547593272555655
674,New Hampshire,Chronic lower respiratory diseases,43.31291358950157
675,New Hampshire,Diabetes,41.5617343898197
676,New Hampshire,Heart failure,36.12431007128312
677,New Hampshire,Hypertensive diseases,41.867970229756075
678,New Hampshire,Influenza and pneumonia,52.80856446905618
679,New Hampshire,"Intentional and unintentional injury, poisoning, and other adverse events",32.06889503166488
680,New Hampshire,Ischemic heart disease,41.9637343898197
681,New Hampshire,Malignant neoplasms,39.33902687001058
682,New Hampshire,Obesity,27.74441407287379
683,New Hampshire,Other diseases of the circulatory system,39.21984767032872
684,New Hampshire,Other diseases of the respiratory system,39.05255519013784
685,New Hampshire,Renal failure,41.30326270994696
686,New Hampshire,Respiratory arrest,20.289574714718974
687,New Hampshire,Respiratory failure,51.64562110931069
688,New Hampshire,Sepsis,35.99772511090136
689,New Hampshire,Vascular and unspecified dementia,32.396885752746535
690,New Jersey,Adult respiratory distress syndrome,91.2646777495652
691,New Jersey,All other conditions and causes (residual),205.05559327255565
692,New Jersey,Alzheimer disease,34.794649912810165
693,New Jersey,COVID-19,452.8732348731919
694,New Jersey,Cardiac arrest,128.4345459112195
695,New Jersey,Cardiac arrhythmia,64.65913087160126
696,New Jersey,Cerebrovascular diseases,60.599271988865304
697,New Jersey,Chronic lower respiratory diseases,64.2967910300742
698,New Jersey,Diabetes,86.53268702848354
699,New Jersey,Heart failure,61.72007423134675
700,New Jersey,Hypertensive diseases,95.20325343102861
701,New Jersey,Influenza and pneumonia,223.1073574326193
702,New Jersey,"Intentional and unintentional injury, poisoning, and other adverse events",57.125639667147375
703,New Jersey,Ischemic heart disease,79.40948927096498
704,New Jersey,Malignant neoplasms,62.56561183039234
705,New Jersey,Obesity,53.328687028483536
706,New Jersey,Other diseases of the circulatory system,67.6397343898197
707,New Jersey,Other diseases of the respiratory system,63.35363038822903
708,New Jersey,Renal failure,84.99055519013784
709,New Jersey,Respiratory arrest,54.651271988865304
710,New Jersey,Respiratory failure,221.11582911249204
711,New Jersey,Sepsis,87.04502687001057
712,New Jersey,Vascular and unspecified dementia,53.23040479395545
713,New Mexico,Adult respiratory distress syndrome,48.68856446905618
714,New Mexico,All other conditions and causes (residual),81.14857374797452
715,New Mexico,Alzheimer disease,28.05970655306467
716,New Mexico,COVID-19,140.54748927096497
717,New Mexico,Cardiac arrest,53.46398878759276
718,New Mexico,Cardiac arrhythmia,41.7477343898197
719,New Mexico,Cerebrovascular diseases,43.069385269374315
720,New Mexico,Chronic lower respiratory diseases,53.38257374797452
721,New Mexico,Diabetes,64.069403827211
722,New Mexico,Heart failure,43.68691358950157
723,New Mexico,Hypertensive diseases,62.24704542784727
724,New Mexico,Influenza and pneumonia,96.68574366873804
725,New Mexico,"Intentional and unintentional injury, poisoning, and other adverse events",50.64469630740188
726,New Mexico,Ischemic heart disease,56.434451188547165
727,New Mexico,Malignant neoplasms,46.33797950867442
728,New Mexico,Obesity,50.99292286841991
729,New Mexico,Other diseases of the circulatory system,56.58446974638385
730,New Mexico,Other diseases of the respiratory system,47.77563038822903
731,New Mexico,Renal failure,55.55869630740188
732,New Mexico,Respiratory arrest,33.34536671153763
733,New Mexico,Respiratory failure,69.36914942943794
734,New Mexico,Sepsis,57.802469746383856
735,New Mexico,Vascular and unspecified dementia,34.34453663230115
736,New York,Adult respiratory distress syndrome,95.53562110931068
737,New York,All other conditions and causes (residual),228.31818751185577
738,New York,Alzheimer disease,38.792064952428404
739,New York,COVID-19,532.2084140728738
740,New York,Cardiac arrest,151.2666591917285
741,New York,Cardiac arrhythmia,68.46783839141038
742,New York,Cerebrovascular diseases,62.17903614892893
743,New York,Chronic lower respiratory diseases,75.6231401505196
744,New York,Diabetes,85.42526270994695
745,New York,Heart failure,65.8660649524284
746,New York,Hypertensive diseases,104.01630079236479
747,New York,Influenza and pneumonia,232.18995167191937
748,New York,"Intentional and unintentional injury, poisoning, and other adverse events",61.123054706765615
749,New York,Ischemic heart disease,85.85936671153763
750,New York,Malignant neoplasms,67.3321967907741
751,New York,Obesity,62.84764894606572
752,New York,Other diseases of the circulatory system,77.58103614892892
753,New York,Other diseases of the respiratory system,59.042215348610796
754,New York,Renal failure,77.64584767032872
755,New York,Respiratory arrest,60.88657374797452
756,New York,Respiratory failure,202.7030083121739
757,New York,Sepsis,76.32149854988333
758,New York,Vascular and unspecified dementia,69.90615967510072
759,New York City,Adult respiratory distress syndrome,99.47586622816542
760,New York City,All other conditions and causes (residual),142.72962110931067
761,New York City,Alzheimer disease,32.90112159268291
762,New York City,COVID-19,484.2206499128102
763,New York City,Cardiac arrest,140.18361183039235
764,New York City,Cardiac arrhythmia,53.0557343898197
765,New York City,Cerebrovascular diseases,54.235743668738046
766,New York City,Chronic lower respiratory diseases,68.4428095879109
767,New York City,Diabetes,101.3492719888653
768,New York City,Heart failure,53.14466847064685
769,New York City,Hypertensive diseases,133.16513087160126
770,New York City,Influenza and pneumonia,204.53243263071047
771,New York City,"Intentional and unintentional injury, poisoning, and other adverse events",49.00233790803815
772,New York City,Ischemic heart disease,81.10678175115586
773,New York City,Malignant neoplasms,69.07139454829266
774,New York City,Obesity,50.12280030899255
775,New York City,Other diseases of the circulatory system,64.95363966714737
776,New York City,Other diseases of the respiratory system,57.14657374797452
777,New York City,Renal failure,59.45303614892893
778,New York City,Respiratory arrest,48.230441909628816
779,New York City,Respiratory failure,159.86714015051962
780,New York City,Sepsis,63.68350782880167
781,New York City,Vascular and unspecified dementia,46.781942393001046
782,North Carolina,Adult respiratory distress syndrome,68.48385694924706
783,North Carolina,All other conditions and causes (residual),207.67970655306468
784,North Carolina,Alzheimer disease,36.75476319331918
785,North Carolina,COVID-19,433.75746143421
786,North Carolina,Cardiac arrest,77.59456446905618
787,North Carolina,Cardiac arrhythmia,67.49466847064686
788,North Carolina,Cerebrovascular diseases,62.354913589501564
789,North Carolina,Chronic lower respiratory diseases,71.05678175115587
790,North Carolina,Diabetes,78.36113087160126
791,North Carolina,Heart failure,67.12936671153763
792,North Carolina,Hypertensive diseases,80.26124415211028
793,North Carolina,Influenza and pneumonia,229.69864991281017
794,North Carolina,"Intentional and unintentional injury, poisoning, and other adverse events",59.53152638663836
795,North Carolina,Ischemic heart disease,68.04689503166489
796,North Carolina,Malignant neoplasms,65.21280030899256
797,North Carolina,Obesity,62.20022462752913
798,North Carolina,Other diseases of the circulatory system,72.4503286291198
799,North Carolina,Other diseases of the respiratory system,67.64598878759277
800,North Carolina,Renal failure,87.74878175115587
801,North Carolina,Respiratory arrest,41.50631935020146
802,North Carolina,Respiratory failure,184.54830079236478
803,North Carolina,Sepsis,78.74397022975607
804,North Carolina,Vascular and unspecified dementia,54.403923835164356
805,North Dakota,Adult respiratory distress syndrome,38.90090431058322
806,North Dakota,All other conditions and causes (residual),63.13104542784727
807,North Dakota,Alzheimer disease,25.336876473828195
808,North Dakota,COVID-19,79.6469228684199
809,North Dakota,Cardiac arrest,37.30266847064685
810,North Dakota,Cardiac arrhythmia,34.517602551474006
811,North Dakota,Cerebrovascular diseases,29.615593272555657
812,North Dakota,Chronic lower respiratory diseases,34.452659191728515
813,North Dakota,Diabetes,39.078904310583226
814,North Dakota,Heart failure,36.182074231346746
815,North Dakota,Hypertensive diseases,39.5391401505196
816,North Dakota,Influenza and pneumonia,61.30939454829266
817,North Dakota,"Intentional and unintentional injury, poisoning, and other adverse events",31.357951671919388
818,North Dakota,Ischemic heart disease,40.342319350201464
819,North Dakota,Malignant neoplasms,34.78231007128312
820,North Dakota,Obesity,31.327479992046644
821,North Dakota,Other diseases of the circulatory system,43.12562110931069
822,North Dakota,Other diseases of the respiratory system,35.142781751155866
823,North Dakota,Renal failure,42.43326270994695
824,North Dakota,Respiratory arrest,19.632631354973476
825,North Dakota,Respiratory failure,56.284451188547166
826,North Dakota,Sepsis,41.089498549883324
827,North Dakota,Vascular and unspecified dementia,24.555933114082702
828,Ohio,Adult respiratory distress syndrome,88.49349854988333
829,Ohio,All other conditions and causes (residual),283.9051215926829
830,Ohio,Alzheimer disease,41.740753914400834
831,Ohio,COVID-19,617.3287539144009
832,Ohio,Cardiac arrest,92.69666847064686
833,Ohio,Cardiac arrhythmia,75.45889503166488
834,Ohio,Cerebrovascular diseases,66.08525343102862
835,Ohio,Chronic lower respiratory diseases,87.66147999204665
836,Ohio,Diabetes,100.21796095083774
837,Ohio,Heart failure,79.52147999204665
838,Ohio,Hypertensive diseases,106.9790083121739
839,Ohio,Influenza and pneumonia,292.7785273533828
840,Ohio,"Intentional and unintentional injury, poisoning, and other adverse events",62.901290546701986
841,Ohio,Ischemic heart disease,88.88206495242841
842,Ohio,Malignant neoplasms,72.82937599045597
843,Ohio,Obesity,62.41633790803815
844,Ohio,Other diseases of the circulatory system,83.96502687001058
845,Ohio,Other diseases of the respiratory system,66.8333852693743
846,Ohio,Renal failure,86.93089503166489
847,Ohio,Respiratory arrest,49.10797022975607
848,Ohio,Respiratory failure,261.33805567351004
849,Ohio,Sepsis,90.52831935020146
850,Ohio,Vascular and unspecified dementia,68.4643955150371
851,Oklahoma,Adult respiratory distress syndrome,48.35467774956519
852,Oklahoma,All other conditions and causes (residual),135.21161183039237
853,Oklahoma,Alzheimer disease,35.80112159268291
854,Oklahoma,COVID-19,248.8791215926829
855,Oklahoma,Cardiac arrest,56.9938662281654
856,Oklahoma,Cardiac arrhythmia,59.473149429437946
857,Oklahoma,Cerebrovascular diseases,56.46797950867442
858,Oklahoma,Chronic lower respiratory diseases,71.82126270994695
859,Oklahoma,Diabetes,91.20502687001058
860,Oklahoma,Heart failure,62.069385269374315
861,Oklahoma,Hypertensive diseases,114.95242335179213
862,Oklahoma,Influenza and pneumonia,122.29808351026509
863,Oklahoma,"Intentional and unintentional injury, poisoning, and other adverse events",56.19329054670199
864,Oklahoma,Ischemic heart disease,65.99561183039235
865,Oklahoma,Malignant neoplasms,59.50563038822903
866,Oklahoma,Obesity,67.015403827211
867,Oklahoma,Other diseases of the circulatory system,65.47011134702012
868,Oklahoma,Other diseases of the respiratory system,60.94951710772001
869,Oklahoma,Renal failure,64.23150782880167
870,Oklahoma,Respiratory arrest,37.49019679077411
871,Oklahoma,Respiratory failure,82.81126270994696
872,Oklahoma,Sepsis,70.51810206810178
873,Oklahoma,Vascular and unspecified dementia,46.55912159268291
874,Oregon,Adult respiratory distress syndrome,49.60162110931069
875,Oregon,All other conditions and causes (residual),94.68443263071048
876,Oregon,Alzheimer disease,34.4980649524284
877,Oregon,COVID-19,141.26289503166487
878,Oregon,Cardiac arrest,51.66598878759276
879,Oregon,Cardiac arrhythmia,51.6737343898197
880,Oregon,Cerebrovascular diseases,48.145385269374316
881,Oregon,Chronic lower respiratory diseases,52.92162110931069
882,Oregon,Diabetes,57.335621109310694
883,Oregon,Heart failure,56.73774366873805
884,Oregon,Hypertensive diseases,55.709262709946955
885,Oregon,Influenza and pneumonia,77.7717343898197
886,Oregon,"Intentional and unintentional injury, poisoning, and other adverse events",49.47304542784727
887,Oregon,Ischemic heart disease,50.081970229756074
888,Oregon,Malignant neoplasms,53.941281267783644
889,Oregon,Obesity,48.856922868419915
890,Oregon,Other diseases of the circulatory system,54.683743668738046
891,Oregon,Other diseases of the respiratory system,53.70469630740188
892,Oregon,Renal failure,57.89904542784727
893,Oregon,Respiratory arrest,33.631838391410376
894,Oregon,Respiratory failure,72.54479103007421
895,Oregon,Sepsis,54.92187550708375
896,Oregon,Vascular and unspecified dementia,39.35876319331918
897,Pennsylvania,Adult respiratory distress syndrome,86.64845118854716
898,Pennsylvania,All other conditions and causes (residual),304.1827724722375
899,Pennsylvania,Alzheimer disease,40.149697274146334
900,Pennsylvania,COVID-19,658.9048764738283
901,Pennsylvania,Cardiac arrest,87.85337599045597
902,Pennsylvania,Cardiac arrhythmia,90.28547999204665
903,Pennsylvania,Cerebrovascular diseases,68.92372511090136
904,Pennsylvania,Chronic lower respiratory diseases,88.45042335179214
905,Pennsylvania,Diabetes,101.71924415211028
906,Pennsylvania,Heart failure,89.03782911249203
907,Pennsylvania,Hypertensive diseases,122.63230079236479
908,Pennsylvania,Influenza and pneumonia,280.8765273533828
909,Pennsylvania,"Intentional and unintentional injury, poisoning, and other adverse events",67.86611134702012
910,Pennsylvania,Ischemic heart disease,96.38159327255566
911,Pennsylvania,Malignant neoplasms,75.72678175115587
912,Pennsylvania,Obesity,68.60893214733827
913,Pennsylvania,Other diseases of the circulatory system,93.47126270994696
914,Pennsylvania,Other diseases of the respiratory system,67.3331401505196
915,Pennsylvania,Renal failure,101.96913087160125
916,Pennsylvania,Respiratory arrest,55.952451188547165
917,Pennsylvania,Respiratory failure,304.35699903325553
918,Pennsylvania,Sepsis,93.42596095083773
919,Pennsylvania,Vascular and unspecified dementia,81.18521631535523
920,Puerto Rico,Adult respiratory distress syndrome,46.236451188547164
921,Puerto Rico,All other conditions and causes (residual),78.06515870835628
922,Puerto Rico,Alzheimer disease,30.999357432619284
923,Puerto Rico,COVID-19,113.81726270994696
924,Puerto Rico,Cardiac arrest,48.5812719888653
925,Puerto Rico,Cardiac arrhythmia,39.17655519013783
926,Puerto Rico,Cerebrovascular diseases,41.03220606969244
927,Puerto Rico,Chronic lower respiratory diseases,50.268224627529136
928,Puerto Rico,Diabetes,56.61398878759276
929,Puerto Rico,Heart failure,46.8172719888653
930,Puerto Rico,Hypertensive diseases,53.50974366873805
931,Puerto Rico,Influenza and pneumonia,88.73349854988332
932,Puerto Rico,"Intentional and unintentional injury, poisoning, and other adverse events",49.68869630740188
933,Puerto Rico,Ischemic heart disease,48.6072719888653
934,Puerto Rico,Malignant neoplasms,41.31702687001058
935,Puerto Rico,Obesity,42.50785694924706
936,Puerto Rico,Other diseases of the circulatory system,45.78221534861079
937,Puerto Rico,Other diseases of the respiratory system,49.3358662281654
938,Puerto Rico,Renal failure,55.40315870835629
939,Puerto Rico,Respiratory arrest,33.38736671153763
940,Puerto Rico,Respiratory failure,63.776441909628815
941,Puerto Rico,Sepsis,60.74645118854716
942,Puerto Rico,Vascular and unspecified dementia,31.268772472237526
943,Rhode Island,Adult respiratory distress syndrome,34.95795167191938
944,Rhode Island,All other conditions and causes (residual),63.89092286841991
945,Rhode Island,Alzheimer disease,25.97734815370094
946,Rhode Island,COVID-19,86.49997022975607
947,Rhode Island,Cardiac arrest,37.78972511090136
948,Rhode Island,Cardiac arrhythmia,39.0771401505196
949,Rhode Island,Cerebrovascular diseases,34.58783839141038
950,Rhode Island,Chronic lower respiratory diseases,40.00243263071048
951,Rhode Island,Diabetes,43.56397022975607
952,Rhode Island,Heart failure,41.13337599045597
953,Rhode Island,Hypertensive diseases,44.99208351026509
954,Rhode Island,Influenza and pneumonia,55.76479103007421
955,Rhode Island,"Intentional and unintentional injury, poisoning, and other adverse events",32.72289503166488
956,Rhode Island,Ischemic heart disease,41.797140150519596
957,Rhode Island,Malignant neoplasms,41.83220606969245
958,Rhode Island,Obesity,32.40265919172851
959,Rhode Island,Other diseases of the circulatory system,42.55267774956519
960,Rhode Island,Other diseases of the respiratory system,39.728791030074206
961,Rhode Island,Renal failure,38.33525343102861
962,Rhode Island,Respiratory arrest,16.515801275737
963,Rhode Island,Respiratory failure,52.56044190962882
964,Rhode Island,Sepsis,35.09631007128312
965,Rhode Island,Vascular and unspecified dementia,32.87970655306467
966,South Carolina,Adult respiratory distress syndrome,62.41432862911981
967,South Carolina,All other conditions and causes (residual),149.6753667115376
968,South Carolina,Alzheimer disease,35.339829112492026
969,South Carolina,COVID-19,275.2154707131283
970,South Carolina,Cardiac arrest,62.24233790803815
971,South Carolina,Cardiac arrhythmia,60.986555190137835
972,South Carolina,Cerebrovascular diseases,58.443866228165405
973,South Carolina,Chronic lower respiratory diseases,61.61502687001058
974,South Carolina,Diabetes,80.55091358950156
975,South Carolina,Heart failure,59.55102687001058
976,South Carolina,Hypertensive diseases,89.26018751185576
977,South Carolina,Influenza and pneumonia,129.5545459112195
978,South Carolina,"Intentional and unintentional injury, poisoning, and other adverse events",58.6069414262566
979,South Carolina,Ischemic heart disease,60.42455519013784
980,South Carolina,Malignant neoplasms,56.31939454829266
981,South Carolina,Obesity,64.58869630740188
982,South Carolina,Other diseases of the circulatory system,67.56493214733825
983,South Carolina,Other diseases of the respiratory system,62.25987550708375
984,South Carolina,Renal failure,74.91362110931068
985,South Carolina,Respiratory arrest,40.77679103007421
986,South Carolina,Respiratory failure,128.91125343102863
987,South Carolina,Sepsis,70.28621534861078
988,South Carolina,Vascular and unspecified dementia,47.006291513446435
989,South Dakota,Adult respiratory distress syndrome,38.71819679077411
990,South Dakota,All other conditions and causes (residual),69.2168095879109
991,South Dakota,Alzheimer disease,23.570753914400836
992,South Dakota,COVID-19,84.2891587083563
993,South Dakota,Cardiac arrest,39.31831935020146
994,South Dakota,Cardiac arrhythmia,38.31172511090136
995,South Dakota,Cerebrovascular diseases,32.15947999204664
996,South Dakota,Chronic lower respiratory diseases,42.62079103007421
997,South Dakota,Diabetes,50.378215348610794
998,South Dakota,Heart failure,40.4451401505196
999,South Dakota,Hypertensive diseases,49.21432862911981
1000,South Dakota,Influenza and pneumonia,59.23068702848354
1001,South Dakota,"Intentional and unintentional injury, poisoning, and other adverse events",25.66452735338281
1002,South Dakota,Ischemic heart disease,39.98619679077411
1003,South Dakota,Malignant neoplasms,37.454196790774105
1004,South Dakota,Obesity,33.084895031664885
1005,South Dakota,Other diseases of the circulatory system,43.64691358950157
1006,South Dakota,Other diseases of the respiratory system,40.33326270994695
1007,South Dakota,Renal failure,44.839149429437946
1008,South Dakota,Respiratory arrest,25.24605567351006
1009,South Dakota,Respiratory failure,59.7858662281654
1010,South Dakota,Sepsis,42.47267774956519
1011,South Dakota,Vascular and unspecified dementia,27.854291513446434
1012,Tennessee,Adult respiratory distress syndrome,65.38138526937432
1013,Tennessee,All other conditions and causes (residual),183.39794239300105
1014,Tennessee,Alzheimer disease,36.255357432619284
1015,Tennessee,COVID-19,386.2216972741463
1016,Tennessee,Cardiac arrest,72.45786622816541
1017,Tennessee,Cardiac arrhythmia,63.11243263071048
1018,Tennessee,Cerebrovascular diseases,60.09609278918344
1019,Tennessee,Chronic lower respiratory diseases,69.21207423134675
1020,Tennessee,Diabetes,82.38302687001058
1021,Tennessee,Heart failure,66.90762110931068
1022,Tennessee,Hypertensive diseases,87.8586591917285
1023,Tennessee,Influenza and pneumonia,199.68735743261928
1024,Tennessee,"Intentional and unintentional injury, poisoning, and other adverse events",57.635054706765615
1025,Tennessee,Ischemic heart disease,71.26831007128312
1026,Tennessee,Malignant neoplasms,65.4088095879109
1027,Tennessee,Obesity,60.15928126778364
1028,Tennessee,Other diseases of the circulatory system,70.84845118854716
1029,Tennessee,Other diseases of the respiratory system,64.43010206810177
1030,Tennessee,Renal failure,78.35997022975607
1031,Tennessee,Respiratory arrest,43.14644190962882
1032,Tennessee,Respiratory failure,171.2198198335737
1033,Tennessee,Sepsis,79.03244190962882
1034,Tennessee,Vascular and unspecified dementia,46.04946143420995
1035,Texas,Adult respiratory distress syndrome,148.87220606969245
1036,Texas,All other conditions and causes (residual),554.3486313549735
1037,Texas,Alzheimer disease,54.50604639459171
1038,Texas,COVID-19,1265.260735356564
1039,Texas,Cardiac arrest,125.99866847064685
1040,Texas,Cardiac arrhythmia,135.47347999204663
1041,Texas,Cerebrovascular diseases,93.24560255147401
1042,Texas,Chronic lower respiratory diseases,128.92018751185577
1043,Texas,Diabetes,252.3452348731919
1044,Texas,Heart failure,128.02524415211028
1045,Texas,Hypertensive diseases,284.51052735338277
1046,Texas,Influenza and pneumonia,685.2367539144008
1047,Texas,"Intentional and unintentional injury, poisoning, and other adverse events",77.76022462752914
1048,Texas,Ischemic heart disease,162.70052735338282
1049,Texas,Malignant neoplasms,96.20972511090136
1050,Texas,Obesity,120.27985694924706
1051,Texas,Other diseases of the circulatory system,126.80678175115587
1052,Texas,Other diseases of the respiratory system,111.59772511090137
1053,Texas,Renal failure,216.2933574326193
1054,Texas,Respiratory arrest,54.738215348610794
1055,Texas,Respiratory failure,477.7487539144008
1056,Texas,Sepsis,196.915602551474
1057,Texas,Vascular and unspecified dementia,88.14792383516436
1058,United States,Adult respiratory distress syndrome,1279.776
1059,United States,All other conditions and causes (residual),5730.252
1060,United States,Alzheimer disease,424.524
1061,United States,COVID-19,13754.904
1062,United States,Cardiac arrest,1625.736
1063,United States,Cardiac arrhythmia,1121.736
1064,United States,Cerebrovascular diseases,737.46
1065,United States,Chronic lower respiratory diseases,1316.364
1066,United States,Diabetes,2025.96
1067,United States,Heart failure,1173.852
1068,United States,Hypertensive diseases,2564.508
1069,United States,Influenza and pneumonia,6374.088
1070,United States,"Intentional and unintentional injury, poisoning, and other adverse events",373.212
1071,United States,Ischemic heart disease,1538.136
1072,United States,Malignant neoplasms,860.028
1073,United States,Obesity,639.852
1074,United States,Other diseases of the circulatory system,1092.504
1075,United States,Other diseases of the respiratory system,752.472
1076,United States,Renal failure,1556.088
1077,United States,Respiratory arrest,280.38
1078,United States,Respiratory failure,5235.996
1079,United States,Sepsis,1428.0
1080,United States,Vascular and unspecified dementia,1117.404
1081,Utah,Adult respiratory distress syndrome,51.53267774956519
1082,Utah,All other conditions and causes (residual),79.65822462752914
1083,Utah,Alzheimer disease,25.669112313764565
1084,Utah,COVID-19,106.80679103007421
1085,Utah,Cardiac arrest,47.52515870835629
1086,Utah,Cardiac arrhythmia,41.28655519013783
1087,Utah,Cerebrovascular diseases,43.81032862911981
1088,Utah,Chronic lower respiratory diseases,45.46032862911981
1089,Utah,Diabetes,54.67304542784727
1090,Utah,Heart failure,45.575385269374316
1091,Utah,Hypertensive diseases,53.57551710772002
1092,Utah,Influenza and pneumonia,72.25456446905618
1093,Utah,"Intentional and unintentional injury, poisoning, and other adverse events",44.811743668738046
1094,Utah,Ischemic heart disease,46.478092789183435
1095,Utah,Malignant neoplasms,45.61197950867442
1096,Utah,Obesity,51.53551710772001
1097,Utah,Other diseases of the circulatory system,58.86388478600209
1098,Utah,Other diseases of the respiratory system,57.15588478600209
1099,Utah,Renal failure,53.636809587910896
1100,Utah,Respiratory arrest,32.79513087160126
1101,Utah,Respiratory failure,66.96445118854716
1102,Utah,Sepsis,53.1028095879109
1103,Utah,Vascular and unspecified dementia,32.027593272555656
1104,Vermont,Adult respiratory distress syndrome,18.686159675100733
1105,Vermont,All other conditions and causes (residual),44.60949854988333
1106,Vermont,Alzheimer disease,20.717810554655344
1107,Vermont,COVID-19,47.44608351026509
1108,Vermont,Cardiac arrest,18.81215967510073
1109,Vermont,Cardiac arrhythmia,26.811470713128298
1110,Vermont,Cerebrovascular diseases,24.58558399363731
1111,Vermont,Chronic lower respiratory diseases,33.439602551474
1112,Vermont,Diabetes,33.15936671153763
1113,Vermont,Heart failure,29.401829112492027
1114,Vermont,Hypertensive diseases,35.73725343102861
1115,Vermont,Influenza and pneumonia,39.03984767032872
1116,Vermont,"Intentional and unintentional injury, poisoning, and other adverse events",21.62498975433721
1117,Vermont,Ischemic heart disease,32.96489503166488
1118,Vermont,Malignant neoplasms,27.125942393001047
1119,Vermont,Obesity,19.781103034846222
1120,Vermont,Other diseases of the circulatory system,31.027479992046644
1121,Vermont,Other diseases of the respiratory system,30.185008312173895
1122,Vermont,Renal failure,24.83981983357369
1123,Vermont,Respiratory arrest,13.10673535656415
1124,Vermont,Respiratory failure,39.72855519013783
1125,Vermont,Sepsis,21.73298975433721
1126,Vermont,Vascular and unspecified dementia,27.127234873191927
1127,Virginia,Adult respiratory distress syndrome,59.82738526937432
1128,Virginia,All other conditions and causes (residual),142.4185459112195
1129,Virginia,Alzheimer disease,32.271706553064675
1130,Virginia,COVID-19,301.5562915134464
1131,Virginia,Cardiac arrest,59.80681886682924
1132,Virginia,Cardiac arrhythmia,58.14937599045597
1133,Virginia,Cerebrovascular diseases,56.44197950867442
1134,Virginia,Chronic lower respiratory diseases,55.537017591092244
1135,Virginia,Diabetes,66.06102687001058
1136,Virginia,Heart failure,58.44125343102861
1137,Virginia,Hypertensive diseases,64.38642335179213
1138,Virginia,Influenza and pneumonia,139.74595167191939
1139,Virginia,"Intentional and unintentional injury, poisoning, and other adverse events",56.870469746383854
1140,Virginia,Ischemic heart disease,59.51596095083773
1141,Virginia,Malignant neoplasms,58.85739454829266
1142,Virginia,Obesity,47.38303614892893
1143,Virginia,Other diseases of the circulatory system,64.5038662281654
1144,Virginia,Other diseases of the respiratory system,62.18798878759276
1145,Virginia,Renal failure,68.1451401505196
1146,Virginia,Respiratory arrest,34.394545911219495
1147,Virginia,Respiratory failure,109.08407423134675
1148,Virginia,Sepsis,66.21856446905618
1149,Virginia,Vascular and unspecified dementia,47.7659331140827
1150,Washington,Adult respiratory distress syndrome,66.97068702848352
1151,Washington,All other conditions and causes (residual),135.55995167191938
1152,Washington,Alzheimer disease,35.64229151344644
1153,Washington,COVID-19,207.8673574326193
1154,Washington,Cardiac arrest,63.50305470676562
1155,Washington,Cardiac arrhythmia,52.0525459112195
1156,Washington,Cerebrovascular diseases,57.45128126778364
1157,Washington,Chronic lower respiratory diseases,58.19326270994696
1158,Washington,Diabetes,66.51949854988332
1159,Washington,Heart failure,56.116196790774104
1160,Washington,Hypertensive diseases,62.5311401505196
1161,Washington,Influenza and pneumonia,124.48735743261929
1162,Washington,"Intentional and unintentional injury, poisoning, and other adverse events",59.214469746383855
1163,Washington,Ischemic heart disease,58.90420606969244
1164,Washington,Malignant neoplasms,57.18210206810178
1165,Washington,Obesity,59.99481886682924
1166,Washington,Other diseases of the circulatory system,67.25304542784727
1167,Washington,Other diseases of the respiratory system,62.36998878759276
1168,Washington,Renal failure,65.74021534861079
1169,Washington,Respiratory arrest,44.40632862911981
1170,Washington,Respiratory failure,106.1350083121739
1171,Washington,Sepsis,63.78657374797452
1172,Washington,Vascular and unspecified dementia,38.6059331140827
1173,West Virginia,Adult respiratory distress syndrome,46.16302687001058
1174,West Virginia,All other conditions and causes (residual),72.90536671153762
1175,West Virginia,Alzheimer disease,26.474291513446435
1176,West Virginia,COVID-19,126.76912159268292
1177,West Virginia,Cardiac arrest,39.62266847064685
1178,West Virginia,Cardiac arrhythmia,42.81337599045597
1179,West Virginia,Cerebrovascular diseases,44.90009278918344
1180,West Virginia,Chronic lower respiratory diseases,50.16197022975607
1181,West Virginia,Diabetes,52.826092789183434
1182,West Virginia,Heart failure,41.901253431028614
1183,West Virginia,Hypertensive diseases,49.14737599045597
1184,West Virginia,Influenza and pneumonia,79.57678175115586
1185,West Virginia,"Intentional and unintentional injury, poisoning, and other adverse events",34.92501759109224
1186,West Virginia,Ischemic heart disease,48.37596095083773
1187,West Virginia,Malignant neoplasms,45.84714942943794
1188,West Virginia,Obesity,35.03583839141037
1189,West Virginia,Other diseases of the circulatory system,46.57314942943795
1190,West Virginia,Other diseases of the respiratory system,46.3712719888653
1191,West Virginia,Renal failure,52.78232862911981
1192,West Virginia,Respiratory arrest,19.438631354973477
1193,West Virginia,Respiratory failure,71.06314942943794
1194,West Virginia,Sepsis,53.54645118854717
1195,West Virginia,Vascular and unspecified dementia,30.76581983357369
1196,Wisconsin,Adult respiratory distress syndrome,47.69338526937432
1197,Wisconsin,All other conditions and causes (residual),138.3641967907741
1198,Wisconsin,Alzheimer disease,36.04841407287379
1199,Wisconsin,COVID-19,234.16771583198303
1200,Wisconsin,Cardiac arrest,51.72822462752913
1201,Wisconsin,Cardiac arrhythmia,54.69265919172851
1202,Wisconsin,Cerebrovascular diseases,53.72962110931069
1203,Wisconsin,Chronic lower respiratory diseases,67.5200835102651
1204,Wisconsin,Diabetes,80.14644190962882
1205,Wisconsin,Heart failure,61.147960950837735
1206,Wisconsin,Hypertensive diseases,88.74218751185576
1207,Wisconsin,Influenza and pneumonia,102.77597022975607
1208,Wisconsin,"Intentional and unintentional injury, poisoning, and other adverse events",52.32728126778364
1209,Wisconsin,Ischemic heart disease,70.30265919172851
1210,Wisconsin,Malignant neoplasms,60.870451188547165
1211,Wisconsin,Obesity,63.722809587910895
1212,Wisconsin,Other diseases of the circulatory system,66.80433790803815
1213,Wisconsin,Other diseases of the respiratory system,58.0544604674655
1214,Wisconsin,Renal failure,61.561856949247066
1215,Wisconsin,Respiratory arrest,29.306064952428404
1216,Wisconsin,Respiratory failure,88.69808351026509
1217,Wisconsin,Sepsis,56.82998878759276
1218,Wisconsin,Vascular and unspecified dementia,46.785348153700944
1219,Wyoming,Adult respiratory distress syndrome,26.26476319331918
1220,Wyoming,All other conditions and causes (residual),51.49362110931069
1221,Wyoming,Alzheimer disease,19.008159675100732
1222,Wyoming,COVID-19,60.95114942943795
1223,Wyoming,Cardiac arrest,17.192744635482494
1224,Wyoming,Cardiac arrhythmia,29.625357432619282
1225,Wyoming,Cerebrovascular diseases,23.1019331140827
1226,Wyoming,Chronic lower respiratory diseases,35.143602551474004
1227,Wyoming,Diabetes,37.34019679077411
1228,Wyoming,Heart failure,29.96230079236478
1229,Wyoming,Hypertensive diseases,39.927611830392344
1230,Wyoming,Influenza and pneumonia,46.60655519013783
1231,Wyoming,"Intentional and unintentional injury, poisoning, and other adverse events",27.868649912810163
1232,Wyoming,Ischemic heart disease,34.427602551474
1233,Wyoming,Malignant neoplasms,29.97053663230115
1234,Wyoming,Obesity,29.149357432619283
1235,Wyoming,Other diseases of the circulatory system,38.31561183039234
1236,Wyoming,Other diseases of the respiratory system,27.663942393001044
1237,Wyoming,Renal failure,31.82418751185576
1238,Wyoming,Respiratory arrest,10.596376957200418
1239,Wyoming,Respiratory failure,45.23067774956519
1240,Wyoming,Sepsis,28.25912159268291
1241,Wyoming,Vascular and unspecified dementia,22.98498975433721
